<?xml version='1.0' encoding='UTF-8'?>
<?artifactRepository version='1.1.0'?>
<repository name='file:/D:/Installers/jbpmSVN/trunk/target/update-site/ - artifacts' type='org.eclipse.equinox.p2.artifact.repository.simpleRepository' version='1'>
  <properties size='2'>
    <property name='p2.timestamp' value='1449745124356'/>
    <property name='p2.compressed' value='false'/>
  </properties>
  <mappings size='3'>
    <rule filter='(&amp; (classifier=osgi.bundle))' output='${repoUrl}/plugins/${id}_${version}.jar'/>
    <rule filter='(&amp; (classifier=binary))' output='${repoUrl}/binary/${id}_${version}'/>
    <rule filter='(&amp; (classifier=org.eclipse.update.feature))' output='${repoUrl}/features/${id}_${version}.jar'/>
  </mappings>
  <artifacts size='2'>
    <artifact classifier='org.eclipse.update.feature' id='org.mule.tooling.ui.extension.jbpm-connector.3.5.0' version='1.0.0.201512101628'>
      <properties size='4'>
        <property name='artifact.size' value='655'/>
        <property name='download.size' value='655'/>
        <property name='download.md5' value='a733ca66cb01555b5e97510ebfea6eb6'/>
        <property name='download.contentType' value='application/zip'/>
      </properties>
    </artifact>
    <artifact classifier='osgi.bundle' id='org.mule.tooling.ui.contribution.jbpm.3.5.0' version='1.0.0.201512101628'>
      <properties size='3'>
        <property name='artifact.size' value='11902597'/>
        <property name='download.size' value='11902597'/>
        <property name='download.md5' value='baf08118695e70a5402eee09debfafbb'/>
      </properties>
    </artifact>
  </artifacts>
</repository>
